{
  "main": {
    "id": "e9d763c5f5919565",
    "type": "split",
    "children": [
      {
        "id": "35e7355ce83d3836",
        "type": "tabs",
        "children": [
          {
            "id": "83478dfd6da22347",
            "type": "leaf",
            "state": {
              "type": "markdown",
              "state": {
                "file": "NIS a NIS2.md",
                "mode": "source",
                "source": false
              }
            }
          }
        ]
      }
    ],
    "direction": "vertical"
  },
  "left": {
    "id": "9ec1f91946d617e0",
    "type": "split",
    "children": [
      {
        "id": "46062043a472c145",
        "type": "tabs",
        "children": [
          {
            "id": "120f1e6423d4592f",
            "type": "leaf",
            "state": {
              "type": "file-explorer",
              "state": {
                "sortOrder": "alphabetical"
              }
            }
          },
          {
            "id": "98a178d224d20daa",
            "type": "leaf",
            "state": {
              "type": "search",
              "state": {
                "query": "",
                "matchingCase": false,
                "explainSearch": false,
                "collapseAll": false,
                "extraContext": false,
                "sortOrder": "alphabetical"
              }
            }
          },
          {
            "id": "eef44b7d4a841b16",
            "type": "leaf",
            "state": {
              "type": "bookmarks",
              "state": {}
            }
          }
        ]
      }
    ],
    "direction": "horizontal",
    "width": 300
  },
  "right": {
    "id": "49a0dd8f93fe4b14",
    "type": "split",
    "children": [
      {
        "id": "fb054f4a75643e21",
        "type": "tabs",
        "children": [
          {
            "id": "7ef94da245bf7e25",
            "type": "leaf",
            "state": {
              "type": "backlink",
              "state": {
                "file": "NIS a NIS2.md",
                "collapseAll": false,
                "extraContext": false,
                "sortOrder": "alphabetical",
                "showSearch": false,
                "searchQuery": "",
                "backlinkCollapsed": false,
                "unlinkedCollapsed": true
              }
            }
          },
          {
            "id": "f5c7780a4f56fbe0",
            "type": "leaf",
            "state": {
              "type": "outgoing-link",
              "state": {
                "file": "NIS a NIS2.md",
                "linksCollapsed": false,
                "unlinkedCollapsed": true
              }
            }
          },
          {
            "id": "42e0094f255bb0d3",
            "type": "leaf",
            "state": {
              "type": "tag",
              "state": {
                "sortOrder": "frequency",
                "useHierarchy": true
              }
            }
          },
          {
            "id": "83c90e8ac69d8008",
            "type": "leaf",
            "state": {
              "type": "outline",
              "state": {
                "file": "NIS a NIS2.md"
              }
            }
          }
        ]
      }
    ],
    "direction": "horizontal",
    "width": 300,
    "collapsed": true
  },
  "left-ribbon": {
    "hiddenItems": {
      "switcher:Otevřít rychlé přepínání": false,
      "graph:Otevřít graf": false,
      "canvas:Create new canvas": false,
      "daily-notes:Otevřít dnešní poznámku": false,
      "templates:Vložit šablonu": false,
      "command-palette:Otevřít paletu příkazů": false
    }
  },
  "active": "83478dfd6da22347",
  "lastOpenFiles": [
    "Welcome.md",
    "NIS a NIS2.md"
  ]
}